{
  "id": "yard-fvtt",
  "title": "YARD - Yet Another RPG that Died",
  "description": "Sumthing about a system that died",
  "version": "0.0.1",
  "compatibility": {
    "minimum": 12,
    "verified": 12
  },
  "authors": [{
    "name": "Ian Dash",
    "url": "https://www.arkhamelders.com",
    "email": "hello@arkhamelders.com"
  }],
  "esmodules": ["mysystem.mjs"],
  "styles": ["styles/system-styles.css"],
  "packs": [{
    "name": "monsters",
    "label": "My Monsters",
    "type": "Actor"
  },
  {
    "name": "items",
    "label": "My Items",
    "type": "Item"
  }],
  "languages": [{
    "lang": "en",
    "name": "English",
    "path": "lang/en.json"
  }],
  "documentTypes": {
    "Actor": {
      "hero": { "htmlFields": ["background.biography"] },
      "villain": { "htmlFields": ["background.biography"] },
      "pawn": {}
    },
    "Item": {
      "weapon": {},
      "spell": {}
    }
  },
  "socket": false,
  "initiative": "1d20",
  "grid": {
    "distance": 10,
    "units": "ft"
  },
  "primaryTokenAttribute": "resources.health",
  "secondaryTokenAttribute": "resources.power",
  "url": "https://github.com/ArkhamElders/YARD",
  "manifest": "https://raw.githubusercontent.com/ArkhamElders/YARD/refs/heads/main/yard-fvtt/system.json",
  "download": "https://github.com/ArkhamElders/YARD/raw/refs/heads/main/yard-fvtt/release/yard-fvtt.zip"
}