{
  "name": "yard-system",
  "title": "YARD System",
  "description": "Szkielet własnego systemu do Foundry VTT.",
  "version": "0.1.0",
  "author": "Twoje Imię",
  "esmodules": ["module/yard-system.js"],
  "styles": ["styles/yard-system.css"],
  "packs": [],
  "languages": [],
  "gridDistance": 1,
  "gridUnits": "m",
  "primaryTokenAttribute": "attributes.hp",
  "secondaryTokenAttribute": "attributes.ac",
  "url": "https://github.com/twoj-repo/yard-system",
  "manifest": "system.json",
  "download": "system.json",
  "license": "LICENSE"
}
